WKT,naam,Tijdstip,Type
"POINT (3.9776124 51.1159436)",104,1646100900000000,Vangst
"POINT (3.9781186 51.1174741)",100,1646177460000000,Vangst
"POINT (3.9781608 51.1174765)",101,1646265480000000,Vangst
"POINT (3.9777143 51.1158687)",101,1647228960000000,Hervangst
"POINT (3.9788924 51.122247)",102,1648430520000000,Vangst
