WKT,naam,beschrijving,Datum opzet,datum afbraak
"POINT (3.979455 51.118981)",Mast 202,Mast,1678402800000000,
"POINT (3.9739725 51.1145803)",Mast 203
,Mast
,1678402800000000,
